"Year","Month","Day","min","max","avg","type"
2013,6,1,10.4,15.8,13.1,0
2013,6,2,10.4,15.7,13.05,0
2013,6,3,10.7,14.8,12.75,0
2013,6,4,11.1,15,13.05,0
2013,6,5,11.9,14.6,13.25,0
2013,6,6,12.6,17.3,14.95,0
2013,6,7,10.9,14.5,12.7,0
2013,6,8,5,15.7,10.35,0
2013,6,9,5.3,14.4,9.85,0
2013,6,10,6.5,16.9,11.7,0
2013,6,11,10.2,14.8,12.5,0
2013,6,12,8.7,13.3,11,0
2013,6,13,10.8,12.8,11.8,0
2013,6,14,11.3,13.8,12.55,0
2013,6,15,8.2,14.2,11.2,0
2013,6,16,7,14.1,10.55,0
2013,6,17,6,11.6,8.8,0
2013,6,18,7.9,14.8,11.35,0
2013,6,19,3.7,14.1,8.9,0
2013,6,20,2.4,14.9,8.65,0
2013,6,21,2.9,15,8.95,0
2013,6,22,2.4,12.7,7.55,0
2013,6,23,1.3,12.3,6.8,0
2013,6,24,1.8,12.3,7.05,0
2013,6,25,3.5,16.4,9.95,0
2013,6,26,2.8,17.6,10.2,0
2013,6,27,4.6,18.2,11.4,0
2013,6,28,7,16.4,11.7,0
2013,6,29,6.6,13.3,9.95,0
2013,6,30,5.2,18.3,11.75,0
2013,7,1,7.9,17.9,12.9,0
2013,7,2,12.3,18.8,15.55,0
2013,7,3,9.5,16.2,12.85,0
2013,7,4,9.6,16.8,13.2,0
2013,7,5,9,14.1,11.55,0
2013,7,6,9.8,15.6,12.7,0
2013,7,7,6.5,13.6,10.05,0
2013,7,8,4.3,13.9,9.1,0
2013,7,9,3,13.6,8.3,0
2013,7,10,3,15.3,9.15,0
2013,7,11,4,16.3,10.15,0
2013,7,12,4.9,17.3,11.1,0
2013,7,13,7.9,15.4,11.65,0
2013,7,14,11,16.3,13.65,0
2013,7,15,12.3,18.5,15.4,0
2013,7,16,9.8,16.8,13.3,0
2013,7,17,10,18.7,14.35,0
2013,7,18,11,23.8,17.4,1
2013,7,19,14.3,16.9,15.6,0
2013,7,20,7.8,9.9,8.85,0
2013,7,21,5.5,10.7,8.1,0
2013,7,22,6.2,14.7,10.45,0
2013,7,23,8.3,12.9,10.6,0
2013,7,24,10.3,14,12.15,0
2013,7,25,3.8,12.5,8.15,0
2013,7,26,7.1,15,11.05,0
2013,7,27,8.8,14.2,11.5,0
2013,7,28,10.7,18.6,14.65,0
2013,7,29,12,19.2,15.6,0
2013,7,30,10.1,14.4,12.25,0
2013,7,31,3.3,15,9.15,0
2013,8,1,5.7,14.1,9.9,0
2013,8,2,7.6,14.2,10.9,0
2013,8,3,7.1,13.3,10.2,0
2013,8,4,7.7,13.7,10.7,0
2013,8,5,9.6,15.9,12.75,0
2013,8,6,11.2,16,13.6,0
2013,8,7,6.7,13.8,10.25,0
2013,8,8,6.5,13.4,9.95,0
2013,8,9,8,12.2,10.1,0
2013,8,10,9.1,17.9,13.5,0
2013,8,11,8.3,16.3,12.3,0
2013,8,12,10.9,14.1,12.5,0
2013,8,13,7.9,16.5,12.2,0
2013,8,14,11.2,14.4,12.8,0
2013,8,15,7.5,16.9,12.2,0
2013,8,16,10,17.9,13.95,0
2013,8,17,9.1,15.7,12.4,0
2013,8,18,10,17.6,13.8,0
2013,8,19,7.3,12.8,10.05,0
2013,8,20,5.5,12.7,9.1,0
2013,8,21,7.2,14.1,10.65,0
2013,8,22,9.5,15.1,12.3,0
2013,8,23,11.3,14.8,13.05,0
2013,8,24,10.6,16.5,13.55,0
2013,8,25,11.4,17.3,14.35,0
2013,8,26,10.5,19.4,14.95,0
2013,8,27,8.7,20.3,14.5,0
2013,8,28,10.9,22.4,16.65,1
2013,8,29,12.4,23.8,18.1,1
2013,8,30,14.7,19.1,16.9,1
2013,8,31,10.4,22.2,16.3,1
2013,9,1,13.7,23.4,18.55,1
2013,9,2,13,18.8,15.9,0
2013,9,3,10.3,24.2,17.25,1
2013,9,4,12.6,24.1,18.35,1
2013,9,5,19.6,19.7,19.65,1
2013,9,6,10.9,15.2,13.05,0
2013,9,7,9.8,17.9,13.85,0
2013,9,8,8.9,16.8,12.85,0
2013,9,9,11.6,23.2,17.4,1
2013,9,10,11.7,16.6,14.15,0
2013,9,11,11,16.9,13.95,0
2013,9,12,8.2,13.9,11.05,0
2013,9,13,3.6,16.4,10,0
2013,9,14,7.9,17.5,12.7,0
2013,9,15,10.1,21.9,16,0
2013,9,16,12.8,16.9,14.85,0
2013,9,17,11.4,17.7,14.55,0
2013,9,18,12.7,19.7,16.2,1
2013,9,19,10.4,17.2,13.8,0
2013,9,20,10.3,17.1,13.7,0
2013,9,21,6.5,19.4,12.95,0
2013,9,22,11.8,21.7,16.75,1
2013,9,23,9.6,24.3,16.95,1
2013,9,24,13.4,24,18.7,1
2013,9,25,16.3,23.6,19.95,1
2013,9,26,12.1,15.3,13.7,0
2013,9,27,7,20.3,13.65,0
2013,9,28,8.3,15.9,12.1,0
2013,9,29,6.4,21,13.7,0
2013,9,30,14.8,23.8,19.3,1
2013,10,1,11.3,16.3,13.8,0
2013,10,2,9.9,17.1,13.5,0
2013,10,3,8.4,14.7,11.55,0
2013,10,4,5.8,21,13.4,0
2013,10,5,12.7,25.2,18.95,1
2013,10,6,13.2,17.9,15.55,0
2013,10,7,8.9,16.9,12.9,0
2013,10,8,10.6,20.8,15.7,0
2013,10,9,12.3,26.7,19.5,1
2013,10,10,15.4,15.5,15.45,0
2013,10,11,10.2,20.6,15.4,0
2013,10,12,10.7,25.4,18.05,1
2013,10,13,11.1,17,14.05,0
2013,10,14,7.7,14.4,11.05,0
2013,10,15,9.5,19.4,14.45,0
2013,10,16,12.5,28,20.25,1
2013,10,17,11,15.3,13.15,0
2013,10,18,7.2,22,14.6,0
2013,10,19,12.4,26.5,19.45,1
2013,10,20,16.4,31.6,24,1
2013,10,21,14.5,17.4,15.95,0
2013,10,22,12.2,16.1,14.15,0
2013,10,23,12.9,15.3,14.1,0
2013,10,24,7.2,14.3,10.75,0
2013,10,25,7.9,15.7,11.8,0
2013,10,26,9.7,16.2,12.95,0
2013,10,27,10.2,16.9,13.55,0
2013,10,28,11.3,17.6,14.45,0
2013,10,29,11.8,16.2,14,0
2013,10,30,11.8,18,14.9,0
2013,10,31,12,16.2,14.1,0
2013,11,1,8.5,20.1,14.3,0
2013,11,2,12.2,24.6,18.4,1
2013,11,3,13.4,16.6,15,0
2013,11,4,9.9,15.9,12.9,0
2013,11,5,8.4,25,16.7,1
2013,11,6,11.1,30.3,20.7,1
2013,11,7,17.7,25.8,21.75,1
2013,11,8,14.4,17.7,16.05,1
2013,11,9,10.3,15.8,13.05,0
2013,11,10,9.3,16.3,12.8,0
2013,11,11,9.7,18.9,14.3,0
2013,11,12,12.6,16,14.3,0
2013,11,13,10.3,14.6,12.45,0
2013,11,14,11.1,15.9,13.5,0
2013,11,15,11.5,17,14.25,0
2013,11,16,9.4,17.1,13.25,0
2013,11,17,8.5,18.6,13.55,0
2013,11,18,10.3,26.9,18.6,1
2013,11,19,15,30.6,22.8,1
2013,11,20,14.1,17.8,15.95,0
2013,11,21,12.1,22.7,17.4,1
2013,11,22,12.9,21.9,17.4,1
2013,11,23,13.1,18.7,15.9,0
2013,11,24,11.7,17.7,14.7,0
2013,11,25,12.9,21.7,17.3,1
2013,11,26,10.1,28.2,19.15,1
2013,11,27,15,32.7,23.85,1
2013,11,28,20.9,24.1,22.5,1
2013,11,29,12,16.7,14.35,0
2013,11,30,12.1,17.9,15,0
2013,12,1,9.9,30.8,20.35,1
2013,12,2,16.4,35.5,25.95,1
2013,12,3,16.3,25.4,20.85,1
2013,12,4,17.1,21.1,19.1,1
2013,12,5,10.6,15.6,13.1,0
2013,12,6,8.2,17.5,12.85,0
2013,12,7,10.7,26.1,18.4,1
2013,12,8,14.6,27.6,21.1,1
2013,12,9,15.8,18.1,16.95,1
2013,12,10,12.8,20.3,16.55,1
2013,12,11,13.2,20,16.6,1
2013,12,12,10.6,21.8,16.2,1
2013,12,13,14.2,22.5,18.35,1
2013,12,14,14.3,18.1,16.2,1
2013,12,15,13.7,19.1,16.4,1
2013,12,16,14.6,19.3,16.95,1
2013,12,17,14,19.7,16.85,1
2013,12,18,13.8,26.3,20.05,1
2013,12,19,15.6,39.2,27.4,1
2013,12,20,19.2,22.2,20.7,1
2013,12,21,14.9,21,17.95,1
2013,12,22,16,28.7,22.35,1
2013,12,23,14.3,17.3,15.8,0
2013,12,24,13.3,21.5,17.4,1
2013,12,25,11.7,31.6,21.65,1
2013,12,26,16.2,26.7,21.45,1
2013,12,27,16.4,21.3,18.85,1
2013,12,28,14,36.2,25.1,1
2013,12,29,13.7,18.9,16.3,1
2013,12,30,11.7,20.7,16.2,1
2013,12,31,12.3,24.6,18.45,1
2014,1,1,15.5,26.5,21,1
2014,1,2,15,21.8,18.4,1
2014,1,3,13.3,21.6,17.45,1
2014,1,4,13.4,20.8,17.1,1
2014,1,5,10.3,26.2,18.25,1
2014,1,6,12.4,18.8,15.6,0
2014,1,7,14,19.2,16.6,1
2014,1,8,11.7,27.2,19.45,1
2014,1,9,13.4,32.3,22.85,1
2014,1,10,18.7,34.3,26.5,1
2014,1,11,17.3,21.1,19.2,1
2014,1,12,16.5,20.7,18.6,1
2014,1,13,13.5,29,21.25,1
2014,1,14,18.2,42,30.1,1
2014,1,15,26.6,41.6,34.1,1
2014,1,16,24.7,43.4,34.05,1
2014,1,17,24.4,42.5,33.45,1
2014,1,18,21.3,23.2,22.25,1
2014,1,19,16,20.8,18.4,1
2014,1,20,16.6,23.4,20,1
2014,1,21,16.7,21.9,19.3,1
2014,1,22,16,21.7,18.85,1
2014,1,23,12.1,28.4,20.25,1
2014,1,24,16.9,21.4,19.15,1
2014,1,25,15.1,19.1,17.1,1
2014,1,26,11.8,27.2,19.5,1
2014,1,27,16.8,34.6,25.7,1
2014,1,28,23,41,32,1
2014,1,29,17.9,22.9,20.4,1
2014,1,30,15,28.1,21.55,1
2014,1,31,18.4,24.8,21.6,1
2014,2,1,18.1,27.7,22.9,1
2014,2,2,18.1,38.1,28.1,1
2014,2,3,21.8,34.6,28.2,1
2014,2,4,14.2,25.8,20,1
2014,2,5,13.1,30.3,21.7,1
2014,2,6,16.2,34.5,25.35,1
2014,2,7,22.4,35.6,29,1
2014,2,8,17.9,40.7,29.3,1
2014,2,9,21.6,39.4,30.5,1
2014,2,10,15.3,22.4,18.85,1
2014,2,11,14.2,25.5,19.85,1
2014,2,12,16.2,25.7,20.95,1
2014,2,13,19,25.5,22.25,1
2014,2,14,18.9,25.5,22.2,1
2014,2,15,20.3,28.2,24.25,1
2014,2,16,16.7,21.6,19.15,1
2014,2,17,16.1,24.6,20.35,1
2014,2,18,14.5,30.7,22.6,1
2014,2,19,17.2,24.6,20.9,1
2014,2,20,12.7,20,16.35,1
2014,2,21,13.2,19.4,16.3,1
2014,2,22,14.1,19.3,16.7,1
2014,2,23,14,21.2,17.6,1
2014,2,24,13.4,23.9,18.65,1
2014,2,25,15,33.2,24.1,1
2014,2,26,14.9,20.6,17.75,1
2014,2,27,14,20,17,1
2014,2,28,12.3,21.3,16.8,1
2014,3,1,14.5,22.3,18.4,1
2014,3,2,16.8,21.2,19,1
2014,3,3,15.3,23.2,19.25,1
2014,3,4,15.7,32.9,24.3,1
2014,3,5,18.6,22.6,20.6,1
2014,3,6,13,19.6,16.3,1
2014,3,7,14.1,22,18.05,1
2014,3,8,14.8,27.4,21.1,1
2014,3,9,16.4,32.6,24.5,1
2014,3,10,19.7,32.3,26,1
2014,3,11,18.4,31.7,25.05,1
2014,3,12,16.1,20.4,18.25,1
2014,3,13,12.1,21.4,16.75,1
2014,3,14,13.5,25.9,19.7,1
2014,3,15,16.6,29.5,23.05,1
2014,3,16,13.5,20.3,16.9,1
2014,3,17,14.4,25.3,19.85,1
2014,3,18,15.2,24.3,19.75,1
2014,3,19,13.6,21,17.3,1
2014,3,20,10.5,30.3,20.4,1
2014,3,21,13.3,22.7,18,1
2014,3,22,13.4,18.1,15.75,0
2014,3,23,14,17.7,15.85,0
2014,3,24,12,18.2,15.1,0
2014,3,25,11.5,24.4,17.95,1
2014,3,26,13.9,26.9,20.4,1
2014,3,27,17,25.8,21.4,1
2014,3,28,16.9,20.5,18.7,1
2014,3,29,12.3,22.1,17.2,1
2014,3,30,14.3,24.3,19.3,1
2014,3,31,16.3,30.5,23.4,1
2014,4,1,17.9,33.1,25.5,1
2014,4,2,22.2,24.9,23.55,1
2014,4,3,15.6,17.7,16.65,1
2014,4,4,14.2,19.4,16.8,1
2014,4,5,14.8,24.2,19.5,1
2014,4,6,11.8,24.3,18.05,1
2014,4,7,13.4,25.5,19.45,1
2014,4,8,16.6,22.1,19.35,1
2014,4,9,16.8,17.9,17.35,1
2014,4,10,16.7,19,17.85,1
2014,4,11,17.2,18.6,17.9,1
2014,4,12,15.1,22.3,18.7,1
2014,4,13,11.7,20.3,16,0
2014,4,14,11.7,20.6,16.15,1
2014,4,15,10,20.3,15.15,0
2014,4,16,9.9,21,15.45,0
2014,4,17,10.9,23.5,17.2,1
2014,4,18,12.7,18.7,15.7,0
2014,4,19,11.8,17,14.4,0
2014,4,20,12.5,19.2,15.85,0
2014,4,21,12.3,19,15.65,0
2014,4,22,13.5,17.2,15.35,0
2014,4,23,10.9,18.4,14.65,0
2014,4,24,13.3,17,15.15,0
2014,4,25,6.3,20.7,13.5,0
2014,4,26,9.6,19.2,14.4,0
2014,4,27,7.5,16.7,12.1,0
2014,4,28,6.5,22.8,14.65,0
2014,4,29,13.9,20.2,17.05,1
2014,4,30,10.4,16.3,13.35,0
2014,5,1,6.2,15.9,11.05,0
2014,5,2,9.6,14.4,12,0
2014,5,3,9.8,16,12.9,0
2014,5,4,8.6,13.2,10.9,0
2014,5,5,9.8,16.9,13.35,0
2014,5,6,10.8,15.4,13.1,0
2014,5,7,8.5,15.3,11.9,0
2014,5,8,4.1,18.7,11.4,0
2014,5,9,5.9,19.1,12.5,0
2014,5,10,12.9,16.3,14.6,0
2014,5,11,9.6,19.6,14.6,0
2014,5,12,7.7,18.7,13.2,0
2014,5,13,7.6,20.8,14.2,0
2014,5,14,8.6,21.1,14.85,0
2014,5,15,14.3,22.9,18.6,1
2014,5,16,16.7,23.4,20.05,1
2014,5,17,16.5,20.3,18.4,1
2014,5,18,17.3,22.4,19.85,1
2014,5,19,17.3,23.5,20.4,1
2014,5,20,15,21.8,18.4,1
2014,5,21,10.7,23.7,17.2,1
2014,5,22,12.9,21,16.95,1
2014,5,23,15.2,19.8,17.5,1
2014,5,24,9.9,16.3,13.1,0
2014,5,25,12.8,20.9,16.85,1
2014,5,26,11.8,22.2,17,1
2014,5,27,14.8,20.5,17.65,1
2014,5,28,13.1,18.2,15.65,0
2014,5,29,9.3,15.5,12.4,0
2014,5,30,6.1,17.5,11.8,0
2014,5,31,7.5,18.9,13.2,0
2014,6,1,11.3,15.3,13.3,0
2014,6,2,11,16.4,13.7,0
2014,6,3,12.1,16.3,14.2,0
2014,6,4,10.7,18.7,14.7,0
2014,6,5,11.6,15.1,13.35,0
2014,6,6,8.4,15.3,11.85,0
2014,6,7,9.5,16.4,12.95,0
2014,6,8,10.9,14.8,12.85,0
2014,6,9,5.6,15.6,10.6,0
2014,6,10,9.1,18.6,13.85,0
2014,6,11,6.3,17.1,11.7,0
2014,6,12,8.6,16.4,12.5,0
2014,6,13,12.1,17.5,14.8,0
2014,6,14,10.1,14.7,12.4,0
2014,6,15,10.5,14.7,12.6,0
2014,6,16,10.4,16.6,13.5,0
2014,6,17,10.1,14.9,12.5,0
2014,6,18,11,14.1,12.55,0
2014,6,19,7.2,12.5,9.85,0
2014,6,20,9.4,15.8,12.6,0
2014,6,21,11.7,15.9,13.8,0
2014,6,22,7.2,15.7,11.45,0
2014,6,23,9.3,15,12.15,0
2014,6,24,7.2,14.3,10.75,0
2014,6,25,8.8,15.8,12.3,0
2014,6,26,11.5,16.2,13.85,0
2014,6,27,10.9,15.1,13,0
2014,6,28,9.7,13.3,11.5,0
2014,6,29,9,11.1,10.05,0
2014,6,30,7,13.2,10.1,0
2014,7,1,8.9,13.3,11.1,0
2014,7,2,10.9,16.7,13.8,0
2014,7,3,7.4,13.1,10.25,0
2014,7,4,8.3,12.8,10.55,0
2014,7,5,8.9,15.3,12.1,0
2014,7,6,10.5,13.8,12.15,0
2014,7,7,9.5,15.8,12.65,0
2014,7,8,9.4,15.1,12.25,0
2014,7,9,9.4,11.7,10.55,0
2014,7,10,7.8,14.7,11.25,0
2014,7,11,7.9,14.6,11.25,0
2014,7,12,7.3,10.4,8.85,0
2014,7,13,5.1,13.6,9.35,0
2014,7,14,6.9,13.5,10.2,0
2014,7,15,6.9,13.2,10.05,0
2014,7,16,9.9,14.7,12.3,0
2014,7,17,8.7,12.3,10.5,0
2014,7,18,6.1,12.5,9.3,0
2014,7,19,8.2,12.7,10.45,0
2014,7,20,7.7,13.7,10.7,0
2014,7,21,4.8,12.9,8.85,0
2014,7,22,5.2,12.2,8.7,0
2014,7,23,4.1,14.1,9.1,0
2014,7,24,4.2,15,9.6,0
2014,7,25,8.6,16.4,12.5,0
2014,7,26,12.2,14.8,13.5,0
2014,7,27,7.2,16.8,12,0
2014,7,28,10,16.9,13.45,0
2014,7,29,11.6,16.8,14.2,0
2014,7,30,12.1,19.3,15.7,0
2014,7,31,13.7,19.7,16.7,1
2014,8,1,6.2,10.1,8.15,0
2014,8,2,4.8,11.9,8.35,0
2014,8,3,1.2,14.4,7.8,0
2014,8,4,1.7,14.9,8.3,0
2014,8,5,4.6,16.8,10.7,0
2014,8,6,10.6,16,13.3,0
2014,8,7,10.7,14.1,12.4,0
2014,8,8,10.6,16.3,13.45,0
2014,8,9,7.1,15.2,11.15,0
2014,8,10,9.7,12.2,10.95,0
2014,8,11,5.9,12.2,9.05,0
2014,8,12,6.2,11.9,9.05,0
2014,8,13,7.8,13.5,10.65,0
2014,8,14,9.5,13.7,11.6,0
2014,8,15,3.6,16.9,10.25,0
2014,8,16,5.4,11.7,8.55,0
2014,8,17,6.7,15,10.85,0
2014,8,18,10.2,13.5,11.85,0
2014,8,19,10.7,13.4,12.05,0
2014,8,20,9.7,12.6,11.15,0
2014,8,21,7.5,17.8,12.65,0
2014,8,22,7,20.2,13.6,0
2014,8,23,7.4,20.7,14.05,0
2014,8,24,11,15.5,13.25,0
2014,8,25,10.8,16.6,13.7,0
2014,8,26,7,17.6,12.3,0
2014,8,27,6.7,17.4,12.05,0
2014,8,28,7.4,18.8,13.1,0
2014,8,29,7.6,14.9,11.25,0
2014,8,30,10.4,21.1,15.75,0
2014,8,31,9.5,21.8,15.65,0
2014,9,1,15,15.5,15.25,0
2014,9,2,8.6,14.2,11.4,0
2014,9,3,7.9,13.8,10.85,0
2014,9,4,4.8,14.3,9.55,0
2014,9,5,4.8,15.1,9.95,0
2014,9,6,6,18.1,12.05,0
2014,9,7,6.7,20.8,13.75,0
2014,9,8,9.7,21.5,15.6,0
2014,9,9,16,20.1,18.05,1
2014,9,10,11.6,19.3,15.45,0
2014,9,11,11.2,16.4,13.8,0
2014,9,12,5.8,15.5,10.65,0
2014,9,13,5.7,17.2,11.45,0
2014,9,14,6.8,19.8,13.3,0
2014,9,15,9.2,18.4,13.8,0
2014,9,16,11,14.8,12.9,0
2014,9,17,9.6,15.9,12.75,0
2014,9,18,8,13.5,10.75,0
2014,9,19,8.7,14.7,11.7,0
2014,9,20,9.8,15.1,12.45,0
2014,9,21,10.4,16.4,13.4,0
2014,9,22,5.4,23.3,14.35,0
2014,9,23,9.4,25.7,17.55,1
2014,9,24,15,23.8,19.4,1
2014,9,25,13.6,15.4,14.5,0
2014,9,26,10.4,18.7,14.55,0
2014,9,27,8.8,23.2,16,0
2014,9,28,15.5,28,21.75,1
2014,9,29,14.6,23.3,18.95,1
2014,9,30,13.5,24,18.75,1
2014,10,1,7.4,15.2,11.3,0
2014,10,2,9.6,17.1,13.35,0
2014,10,3,10.7,19.6,15.15,0
2014,10,4,8.7,26.3,17.5,1
2014,10,5,13.7,17.4,15.55,0
2014,10,6,9.1,25.4,17.25,1
2014,10,7,12.1,17.2,14.65,0
2014,10,8,9,18.6,13.8,0
2014,10,9,9.4,21.9,15.65,0
2014,10,10,13.8,24.5,19.15,1
2014,10,11,13.7,20,16.85,1
2014,10,12,9.4,26.9,18.15,1
2014,10,13,9.7,14.6,12.15,0
2014,10,14,8.6,15.6,12.1,0
2014,10,15,5.9,15.4,10.65,0
2014,10,16,11,15.6,13.3,0
2014,10,17,10.2,16.3,13.25,0
2014,10,18,8,24.6,16.3,1
2014,10,19,13.5,29.2,21.35,1
2014,10,20,10.2,20.7,15.45,0
2014,10,21,8,28.2,18.1,1
2014,10,22,13.1,32.3,22.7,1
2014,10,23,14.8,22.3,18.55,1
2014,10,24,14.6,30.3,22.45,1
2014,10,25,14.1,18.2,16.15,1
2014,10,26,13.8,24.7,19.25,1
2014,10,27,13.5,19.4,16.45,1
2014,10,28,11.6,19.5,15.55,0
2014,10,29,10.7,21.8,16.25,1
2014,10,30,13.4,21.3,17.35,1
2014,10,31,10.4,32.3,21.35,1
2014,11,1,13.4,17.2,15.3,0
2014,11,2,9.1,15.4,12.25,0
2014,11,3,11,23.1,17.05,1
2014,11,4,12.5,28.8,20.65,1
2014,11,5,12.5,16.8,14.65,0
2014,11,6,11,22.5,16.75,1
2014,11,7,11.1,32.1,21.6,1
2014,11,8,18,34.9,26.45,1
2014,11,9,12.6,17.5,15.05,0
2014,11,10,11,19.6,15.3,0
2014,11,11,12.2,17,14.6,0
2014,11,12,7.9,22.8,15.35,0
2014,11,13,12.7,30.6,21.65,1
2014,11,14,17.7,18.9,18.3,1
2014,11,15,12.1,17.6,14.85,0
2014,11,16,10.6,17.6,14.1,0
2014,11,17,12.2,19.1,15.65,0
2014,11,18,10.9,19.9,15.4,0
2014,11,19,11.4,29.2,20.3,1
2014,11,20,15.4,28.4,21.9,1
2014,11,21,16.2,22.2,19.2,1
2014,11,22,12.9,31,21.95,1
2014,11,23,16.5,24.5,20.5,1
2014,11,24,14.5,19.7,17.1,1
2014,11,25,11.5,20.9,16.2,1
2014,11,26,12,18.9,15.45,0
2014,11,27,13.1,18.3,15.7,0
2014,11,28,11.4,18.8,15.1,0
2014,11,29,11.9,24.1,18,1
2014,11,30,15.6,35,25.3,1
2014,12,1,20.8,28.1,24.45,1
2014,12,2,16.1,24.3,20.2,1
2014,12,3,16.2,23.9,20.05,1
2014,12,4,17.5,25.6,21.55,1
2014,12,5,17.4,20.4,18.9,1
2014,12,6,15.4,22.7,19.05,1
2014,12,7,13.8,17.8,15.8,0
2014,12,8,14.1,20.1,17.1,1
2014,12,9,15.3,19,17.15,1
2014,12,10,12.7,20,16.35,1
2014,12,11,15.9,19.8,17.85,1
2014,12,12,14,26.6,20.3,1
2014,12,13,14.4,30.7,22.55,1
2014,12,14,18.9,25.1,22,1
2014,12,15,15.3,22.9,19.1,1
2014,12,16,16,32.3,24.15,1
2014,12,17,12.2,21.6,16.9,1
2014,12,18,11.6,24.8,18.2,1
2014,12,19,11.4,19.3,15.35,0
2014,12,20,12.5,22.5,17.5,1
2014,12,21,13.1,33.1,23.1,1
2014,12,22,17.2,23.6,20.4,1
2014,12,23,19.7,26.5,23.1,1
2014,12,24,14.4,21.3,17.85,1
2014,12,25,13.4,23,18.2,1
2014,12,26,10.8,18.9,14.85,0
2014,12,27,12.5,21.1,16.8,1
2014,12,28,12.2,32,22.1,1
2014,12,29,16.7,26.2,21.45,1
2014,12,30,13.5,23.4,18.45,1
2014,12,31,12.6,25.3,18.95,1
2015,1,1,13.3,26.9,20.1,1
2015,1,2,15.4,38.8,27.1,1
2015,1,3,20,38.2,29.1,1
2015,1,4,16.3,21.4,18.85,1
2015,1,5,15,22,18.5,1
2015,1,6,17.7,26,21.85,1
2015,1,7,18.9,37.4,28.15,1
2015,1,8,23.1,28.2,25.65,1
2015,1,9,16.5,18,17.25,1
2015,1,10,13.6,21.7,17.65,1
2015,1,11,15.6,27.5,21.55,1
2015,1,12,16.1,31.3,23.7,1
2015,1,13,20.2,25.6,22.9,1
2015,1,14,18.3,22.7,20.5,1
2015,1,15,15.8,20,17.9,1
2015,1,16,13.1,27.3,20.2,1
2015,1,17,15.9,25,20.45,1
2015,1,18,15.3,19.5,17.4,1
2015,1,19,13.5,23.6,18.55,1
2015,1,20,13,30.4,21.7,1
2015,1,21,19.7,33.1,26.4,1
2015,1,22,18.7,35.8,27.25,1
2015,1,23,20.2,25,22.6,1
2015,1,24,15.8,26.3,21.05,1
2015,1,25,14.7,22,18.35,1
2015,1,26,11.6,19.8,15.7,0
2015,1,27,11.7,19.1,15.4,0
2015,1,28,13.3,25.4,19.35,1
2015,1,29,12.8,22.2,17.5,1
2015,1,30,13.1,21,17.05,1
2015,1,31,14.3,20.2,17.25,1
2015,2,1,13.2,19,16.1,1
2015,2,2,13.5,21.1,17.3,1
2015,2,3,16.1,20,18.05,1
2015,2,4,14.8,19,16.9,1
2015,2,5,13.3,24.2,18.75,1
2015,2,6,14.5,35.7,25.1,1
2015,2,7,18.8,35,26.9,1
2015,2,8,18.9,21.5,20.2,1
2015,2,9,13.6,28.3,20.95,1
2015,2,10,16.4,27.8,22.1,1
2015,2,11,18.1,26.8,22.45,1
2015,2,12,17.8,21.9,19.85,1
2015,2,13,16.1,32.4,24.25,1
2015,2,14,19,25.1,22.05,1
2015,2,15,18.2,34.4,26.3,1
2015,2,16,17.4,24.6,21,1
2015,2,17,17.6,20.6,19.1,1
2015,2,18,17.7,21.2,19.45,1
2015,2,19,18.2,26.9,22.55,1
2015,2,20,17.4,25.3,21.35,1
2015,2,21,18.1,36.1,27.1,1
2015,2,22,20.3,35.3,27.8,1
2015,2,23,21.1,29.3,25.2,1
2015,2,24,15.9,20.1,18,1
2015,2,25,14,27,20.5,1
2015,2,26,16,23.2,19.6,1
2015,2,27,14.8,24.3,19.55,1
2015,2,28,17.9,32.3,25.1,1
2015,3,1,15.2,20.8,18,1
2015,3,2,11.6,23,17.3,1
2015,3,3,15.5,22.7,19.1,1
2015,3,4,15.4,23.5,19.45,1
2015,3,5,12.6,18.6,15.6,0
2015,3,6,14.1,21.1,17.6,1
2015,3,7,15.4,22.6,19,1
2015,3,8,16.2,24.4,20.3,1
2015,3,9,14.4,23.8,19.1,1
2015,3,10,16.2,21.7,18.95,1
2015,3,11,11.2,23.8,17.5,1
2015,3,12,13,19.9,16.45,1
2015,3,13,14.4,20.4,17.4,1
2015,3,14,9.4,30.1,19.75,1
2015,3,15,13.1,18.3,15.7,0
2015,3,16,10.5,25.5,18,1
2015,3,17,13,26.2,19.6,1
2015,3,18,17.8,24.4,21.1,1
2015,3,19,16.5,33.5,25,1
2015,3,20,14.2,19.6,16.9,1
2015,3,21,11.9,22.7,17.3,1
2015,3,22,11.3,28.8,20.05,1
2015,3,23,13.6,27,20.3,1
2015,3,24,12.6,15.3,13.95,0
2015,3,25,13,20.4,16.7,1
2015,3,26,9.8,18,13.9,0
2015,3,27,11.6,18.1,14.85,0
2015,3,28,12.7,19.1,15.9,0
2015,3,29,8.5,22.7,15.6,0
2015,3,30,10.6,23.1,16.85,1
2015,3,31,11.2,25.3,18.25,1
2015,4,1,13.3,29,21.15,1
2015,4,2,12.8,17.2,15,0
2015,4,3,8,20.9,14.45,0
2015,4,4,8.5,23.5,16,0
2015,4,5,10.2,18.5,14.35,0
2015,4,6,11.2,18.4,14.8,0
2015,4,7,12.4,17.3,14.85,0
2015,4,8,13.3,17.7,15.5,0
2015,4,9,8.7,19.1,13.9,0
2015,4,10,8.6,18.7,13.65,0
2015,4,11,11.6,23.7,17.65,1
2015,4,12,12.1,18.3,15.2,0
2015,4,13,7.3,19.1,13.2,0
2015,4,14,10.5,24.7,17.6,1
2015,4,15,13.9,27.6,20.75,1
2015,4,16,15.6,17.8,16.7,1
2015,4,17,10.1,17.1,13.6,0
2015,4,18,13.5,21.9,17.7,1
2015,4,19,9.7,14.7,12.2,0
2015,4,20,7,16.2,11.6,0
2015,4,21,6.5,17.7,12.1,0
2015,4,22,9.1,19.5,14.3,0
2015,4,23,12.2,19.2,15.7,0
2015,4,24,14.4,21.1,17.75,1
2015,4,25,11.6,15,13.3,0
2015,4,26,10.4,15.4,12.9,0
2015,4,27,10.5,15.1,12.8,0
2015,4,28,10.1,16,13.05,0
2015,4,29,7.4,17.1,12.25,0
2015,4,30,6.4,19.6,13,0
2015,5,1,7.9,23.1,15.5,0
2015,5,2,11.6,22.2,16.9,1
2015,5,3,9.7,18.2,13.95,0
2015,5,4,7.5,22.3,14.9,0
2015,5,5,9.2,18.1,13.65,0
2015,5,6,9.5,16.2,12.85,0
2015,5,7,10.3,15.6,12.95,0
2015,5,8,10.5,15.9,13.2,0
2015,5,9,12.8,18.7,15.75,0
2015,5,10,12.8,16.6,14.7,0
2015,5,11,12.4,15.9,14.15,0
2015,5,12,12.8,17.4,15.1,0
2015,5,13,6.3,12.8,9.55,0
2015,5,14,7.3,14.6,10.95,0
2015,5,15,11.5,14.5,13,0
2015,5,16,11.3,16.2,13.75,0
2015,5,17,7.4,20.5,13.95,0
2015,5,18,7.2,20.4,13.8,0
2015,5,19,9.9,16.2,13.05,0
2015,5,20,13.6,18.1,15.85,0
2015,5,21,10.3,13.6,11.95,0
2015,5,22,9.1,14.1,11.6,0
2015,5,23,10.4,13.3,11.85,0
2015,5,24,6,15.6,10.8,0
2015,5,25,7.4,17.1,12.25,0
2015,5,26,5.4,15.6,10.5,0
2015,5,27,7.9,18.7,13.3,0
2015,5,28,13.1,19.7,16.4,1
2015,5,29,9.5,15.8,12.65,0
2015,5,30,11,17.3,14.15,0
2015,5,31,12.3,16.8,14.55,0
2015,6,1,5.2,12.2,8.7,0
2015,6,2,7.1,11.4,9.25,0
2015,6,3,8.1,13.6,10.85,0
2015,6,4,4.4,11.3,7.85,0
2015,6,5,7,15,11,0
2015,6,6,9.2,16.6,12.9,0
2015,6,7,11.2,14.5,12.85,0
2015,6,8,11.1,18.5,14.8,0
2015,6,9,10.3,13.5,11.9,0
2015,6,10,7.5,13.4,10.45,0
2015,6,11,5.7,14,9.85,0
2015,6,12,5.2,13.1,9.15,0
2015,6,13,6,18.2,12.1,0
2015,6,14,5.8,17.4,11.6,0
2015,6,15,7.1,16.9,12,0
2015,6,16,9.5,16.1,12.8,0
2015,6,17,11.7,13.8,12.75,0
2015,6,18,10.7,12.7,11.7,0
2015,6,19,7,12.4,9.7,0
2015,6,20,4.1,11.6,7.85,0
2015,6,21,2.2,12.9,7.55,0
2015,6,22,3.6,14.1,8.85,0
2015,6,23,9.6,17.6,13.6,0
2015,6,24,12.2,16,14.1,0
2015,6,25,9.6,14,11.8,0
2015,6,26,10.5,16.9,13.7,0
2015,6,27,8,14.1,11.05,0
2015,6,28,9.6,14.5,12.05,0
2015,6,29,6.9,12.3,9.6,0
2015,6,30,5,14.2,9.6,0
2015,7,1,7.4,15,11.2,0
2015,7,2,10.3,11.9,11.1,0
2015,7,3,5.9,12,8.95,0
2015,7,4,7.3,10.6,8.95,0
2015,7,5,8.2,14.9,11.55,0
2015,7,6,7.5,11.5,9.5,0
2015,7,7,7.4,14.2,10.8,0
2015,7,8,4.9,14.8,9.85,0
2015,7,9,6.5,13.4,9.95,0
2015,7,10,7.6,14.3,10.95,0
2015,7,11,10.9,13.1,12,0
2015,7,12,3.4,12.3,7.85,0
2015,7,13,6.1,12.7,9.4,0
2015,7,14,8.1,9.8,8.95,0
2015,7,15,5.8,10.5,8.15,0
2015,7,16,6.6,12.3,9.45,0
2015,7,17,7.3,12.3,9.8,0
2015,7,18,6.1,11.5,8.8,0
2015,7,19,0.6,12.1,6.35,0
2015,7,20,1.8,14.7,8.25,0
2015,7,21,4.2,17,10.6,0
2015,7,22,11.4,16.6,14,0
2015,7,23,5.1,16.1,10.6,0
2015,7,24,7.6,15,11.3,0
2015,7,25,9.4,13.3,11.35,0
2015,7,26,8.1,11.6,9.85,0
2015,7,27,6.2,13.9,10.05,0
2015,7,28,7.9,14.4,11.15,0
2015,7,29,8.4,14,11.2,0
2015,7,30,8.6,12.3,10.45,0
2015,7,31,4.1,14,9.05,0
2015,8,1,6.5,11.4,8.95,0
2015,8,2,7.8,14.9,11.35,0
2015,8,3,7.3,10.8,9.05,0
2015,8,4,3.5,11.3,7.4,0
2015,8,5,6.6,10.8,8.7,0
2015,8,6,7.1,12.8,9.95,0
2015,8,7,9,13.1,11.05,0
2015,8,8,8.8,12.6,10.7,0
2015,8,9,7.7,13.3,10.5,0
2015,8,10,8.3,16,12.15,0
2015,8,11,7.8,14.8,11.3,0
2015,8,12,9.3,14.8,12.05,0
2015,8,13,8.4,13,10.7,0
2015,8,14,10.4,15.3,12.85,0
2015,8,15,10,14.9,12.45,0
2015,8,16,4.7,17,10.85,0
2015,8,17,6.8,12.2,9.5,0
2015,8,18,6.1,11.1,8.6,0
2015,8,19,5.5,12.7,9.1,0
2015,8,20,6.1,17.1,11.6,0
2015,8,21,10.9,18.7,14.8,0
2015,8,22,11.8,18.8,15.3,0
2015,8,23,7.9,16.3,12.1,0
2015,8,24,8.5,14.5,11.5,0
2015,8,25,9.5,14.3,11.9,0
2015,8,26,9.2,14.6,11.9,0
2015,8,27,9.8,11.7,10.75,0
2015,8,28,8.1,13.2,10.65,0
2015,8,29,6.3,11.7,9,0
2015,8,30,7.9,12.5,10.2,0
2015,8,31,8.1,13,10.55,0
2015,9,1,5.1,16.2,10.65,0
2015,9,2,8,18.8,13.4,0
2015,9,3,10.6,14,12.3,0
2015,9,4,8.7,13.7,11.2,0
2015,9,5,10.2,14,12.1,0
2015,9,6,5.8,16.6,11.2,0
2015,9,7,8.9,13.6,11.25,0
2015,9,8,8.8,12.8,10.8,0
2015,9,9,10,15.3,12.65,0
2015,9,10,10,15.7,12.85,0
2015,9,11,5.1,20.1,12.6,0
2015,9,12,12.2,21.7,16.95,1
2015,9,13,13.2,25.5,19.35,1
2015,9,14,15.4,26.7,21.05,1
2015,9,15,10.8,15.9,13.35,0
2015,9,16,8.9,14.8,11.85,0
2015,9,17,9,14.3,11.65,0
2015,9,18,10.5,14.7,12.6,0
2015,9,19,6.5,21.3,13.9,0
2015,9,20,8.5,22.9,15.7,0
2015,9,21,14,18.1,16.05,1
2015,9,22,7.6,12.7,10.15,0
2015,9,23,8.5,12.6,10.55,0
2015,9,24,5.1,14.3,9.7,0
2015,9,25,5.8,19.1,12.45,0
2015,9,26,6.6,17.9,12.25,0
2015,9,27,9.8,20.2,15,0
2015,9,28,8.3,21.4,14.85,0
2015,9,29,9,16.9,12.95,0
2015,9,30,11.5,15.9,13.7,0
2015,10,1,6,21.6,13.8,0
2015,10,2,9.9,28.6,19.25,1
2015,10,3,16.3,31.3,23.8,1
2015,10,4,13.9,24.9,19.4,1
2015,10,5,12.7,34.4,23.55,1
2015,10,6,15.5,35.8,25.65,1
2015,10,7,11.8,16.2,14,0
2015,10,8,7.6,18.6,13.1,0
2015,10,9,10.9,29.9,20.4,1
2015,10,10,17.5,29.2,23.35,1
2015,10,11,16.9,19.2,18.05,1
2015,10,12,11.3,16.1,13.7,0
2015,10,13,7.9,17.6,12.75,0
2015,10,14,11.2,28.6,19.9,1
2015,10,15,14.4,34,24.2,1
2015,10,16,17,23.8,20.4,1
2015,10,17,11.5,20.5,16,0
2015,10,18,12.6,17.7,15.15,0
2015,10,19,8.3,26.7,17.5,1
2015,10,20,12.9,31.8,22.35,1
2015,10,21,17.6,18.3,17.95,1
2015,10,22,11.4,16.7,14.05,0
2015,10,23,11.8,16.4,14.1,0
2015,10,24,9.2,19.5,14.35,0
2015,10,25,10.2,31.3,20.75,1
2015,10,26,14,15.9,14.95,0
2015,10,27,10.4,23.3,16.85,1
2015,10,28,10.1,26.8,18.45,1
2015,10,29,13.7,26.1,19.9,1
2015,10,30,12.6,27.4,20,1
2015,10,31,15.7,25.9,20.8,1
2015,11,1,16.4,26,21.2,1
2015,11,2,14.5,16,15.25,0
2015,11,3,8,17.9,12.95,0
2015,11,4,10.9,27.2,19.05,1
2015,11,5,16.2,24.7,20.45,1
2015,11,6,16.6,18.7,17.65,1
2015,11,7,11.9,16.8,14.35,0
2015,11,8,8.5,24.8,16.65,1
2015,11,9,13.6,33.1,23.35,1
2015,11,10,15.2,16.4,15.8,0
2015,11,11,11.5,20.1,15.8,0
2015,11,12,13.7,21.2,17.45,1
2015,11,13,13.5,18.2,15.85,0
2015,11,14,12.1,18.3,15.2,0
2015,11,15,13,18.5,15.75,0
2015,11,16,11.4,26.3,18.85,1
2015,11,17,15.7,33.3,24.5,1
2015,11,18,14.7,29.5,22.1,1
2015,11,19,15.6,31.5,23.55,1
2015,11,20,15.4,19.1,17.25,1
2015,11,21,12.2,17.5,14.85,0
2015,11,22,13.5,20,16.75,1
2015,11,23,13.8,20.7,17.25,1
2015,11,24,13.6,24.5,19.05,1
2015,11,25,13.5,33.3,23.4,1
2015,11,26,10.8,17.4,14.1,0
2015,11,27,9,18.2,13.6,0
2015,11,28,12,20.1,16.05,1
2015,11,29,12.6,20.3,16.45,1
2015,11,30,10,32.2,21.1,1
2015,12,1,14.5,24.6,19.55,1
2015,12,2,9.2,17.5,13.35,0
2015,12,3,12.2,21.3,16.75,1
2015,12,4,11.3,30.8,21.05,1
2015,12,5,15.5,25.3,20.4,1
2015,12,6,15.3,29.8,22.55,1
2015,12,7,18.1,27.3,22.7,1
2015,12,8,20.3,35.4,27.85,1
2015,12,9,15.4,24.6,20,1
2015,12,10,13.1,26,19.55,1
2015,12,11,14.2,19.2,16.7,1
2015,12,12,10.1,18.3,14.2,0
2015,12,13,10.3,28.3,19.3,1
2015,12,14,11.9,22.7,17.3,1
2015,12,15,14.4,24.6,19.5,1
2015,12,16,15.6,27.5,21.55,1
2015,12,17,16.9,37.2,27.05,1
2015,12,18,19.4,35.4,27.4,1
2015,12,19,19.2,41.2,30.2,1
2015,12,20,25.9,37.8,31.85,1
2015,12,21,15,20.2,17.6,1
2015,12,22,12,22.8,17.4,1
2015,12,23,15.1,26,20.55,1
2015,12,24,16.7,34.6,25.65,1
2015,12,25,21.7,34.1,27.9,1
2015,12,26,12.7,20,16.35,1
2015,12,27,11.9,19.4,15.65,0
2015,12,28,12.8,20.8,16.8,1
2015,12,29,12.4,23.9,18.15,1
2015,12,30,13.9,34.7,24.3,1
2015,12,31,19.7,39.7,29.7,1
2016,1,1,19.8,24.2,22,1
2016,1,2,17.1,27.6,22.35,1
2016,1,3,17.5,27.1,22.3,1
2016,1,4,16.3,26,21.15,1
2016,1,5,17.1,25.7,21.4,1
2016,1,6,17.3,25.7,21.5,1
2016,1,7,16.3,21.3,18.8,1
2016,1,8,16.2,20.6,18.4,1
2016,1,9,16.8,21.4,19.1,1
2016,1,10,15.7,31.5,23.6,1
2016,1,11,17.2,36.4,26.8,1
2016,1,12,17.1,24.8,20.95,1
2016,1,13,16.8,42.2,29.5,1
2016,1,14,16.1,18.1,17.1,1
2016,1,15,13.6,19.2,16.4,1
2016,1,16,11.9,22.3,17.1,1
2016,1,17,14.9,32.7,23.8,1
2016,1,18,18.6,35.3,26.95,1
2016,1,19,17.9,30.9,24.4,1
2016,1,20,19.3,29.1,24.2,1
2016,1,21,19,26.7,22.85,1
2016,1,22,17.5,22.8,20.15,1
2016,1,23,17.3,21.9,19.6,1
2016,1,24,16.2,22.2,19.2,1
2016,1,25,16.7,20.9,18.8,1
2016,1,26,16.5,29.4,22.95,1
2016,1,27,19.3,29.5,24.4,1
2016,1,28,20.3,27.5,23.9,1
2016,1,29,14.4,18.3,16.35,1
2016,1,30,12.3,22.4,17.35,1
2016,1,31,13.9,21.8,17.85,1
2016,2,1,12.5,23.6,18.05,1
2016,2,2,15.4,31.5,23.45,1
2016,2,3,18.1,21,19.55,1
2016,2,4,17.3,20.9,19.1,1
2016,2,5,15.3,29.4,22.35,1
2016,2,6,16.5,32.6,24.55,1
2016,2,7,19.1,27.7,23.4,1
2016,2,8,19.2,22.9,21.05,1
2016,2,9,17.4,22.7,20.05,1
2016,2,10,17.4,23.3,20.35,1
2016,2,11,18,23.8,20.9,1
2016,2,12,16.7,24.9,20.8,1
2016,2,13,17.7,30.3,24,1
2016,2,14,16.4,24.5,20.45,1
2016,2,15,14,26.1,20.05,1
2016,2,16,13.7,18.4,16.05,1
2016,2,17,12.7,21.1,16.9,1
2016,2,18,15.5,22.6,19.05,1
2016,2,19,15.8,22,18.9,1
2016,2,20,15.8,20.8,18.3,1
2016,2,21,12.6,24.7,18.65,1
2016,2,22,15.6,29.5,22.55,1
2016,2,23,18.1,39.4,28.75,1
2016,2,24,22.4,25.6,24,1
2016,2,25,19.6,26.4,23,1
2016,2,26,15.5,23.5,19.5,1
2016,2,27,17.7,22.2,19.95,1
2016,2,28,17.7,22.7,20.2,1
2016,2,29,15,23.7,19.35,1
2016,3,1,17.3,33.7,25.5,1
2016,3,2,17.6,34.7,26.15,1
2016,3,3,17.4,23.9,20.65,1
2016,3,4,16.5,33,24.75,1
2016,3,5,20.4,23.7,22.05,1
2016,3,6,17.4,25.2,21.3,1
2016,3,7,18.6,24.9,21.75,1
2016,3,8,19.9,38.9,29.4,1
2016,3,9,20.8,28.5,24.65,1
2016,3,10,18.1,22.1,20.1,1
2016,3,11,18.8,26.1,22.45,1
2016,3,12,18.7,22.3,20.5,1
2016,3,13,17.7,23.2,20.45,1
2016,3,14,18.4,21.3,19.85,1
2016,3,15,15.1,26.8,20.95,1
2016,3,16,15.3,31.4,23.35,1
2016,3,17,18.3,32.5,25.4,1
2016,3,18,15.2,19.5,17.35,1
2016,3,19,12,18.8,15.4,0
2016,3,20,10.1,23.3,16.7,1
2016,3,21,11.2,23.5,17.35,1
2016,3,22,11.4,24.3,17.85,1
2016,3,23,13.7,28.8,21.25,1
2016,3,24,16.3,21.2,18.75,1
2016,3,25,15.9,20.4,18.15,1
2016,3,26,14.1,20.2,17.15,1
2016,3,27,14.3,19.9,17.1,1
2016,3,28,9.4,19.2,14.3,0
2016,3,29,14.5,17.9,16.2,1
2016,3,30,15.5,18.7,17.1,1
2016,3,31,11.3,22.7,17,1
2016,4,1,13.1,26.5,19.8,1
2016,4,2,15.5,19.5,17.5,1
2016,4,3,11.3,18.8,15.05,0
2016,4,4,9.7,21.2,15.45,0
2016,4,5,12.3,29,20.65,1
2016,4,6,13.6,15.6,14.6,0
2016,4,7,8.3,18.4,13.35,0
2016,4,8,11.9,20,15.95,0
2016,4,9,10.4,22.3,16.35,1
2016,4,10,13.6,23.5,18.55,1
2016,4,11,14.5,20.1,17.3,1
2016,4,12,14,18.7,16.35,1
2016,4,13,11.3,20,15.65,0
2016,4,14,11.6,27,19.3,1
2016,4,15,13.4,27,20.2,1
2016,4,16,14,20.3,17.15,1
2016,4,17,13.1,19.8,16.45,1
2016,4,18,9.8,25,17.4,1
2016,4,19,13.6,27.4,20.5,1
2016,4,20,15.3,28,21.65,1
2016,4,21,17.1,24.2,20.65,1
2016,4,22,14.6,16.7,15.65,0
2016,4,23,12.3,18.6,15.45,0
2016,4,24,9.1,20,14.55,0
2016,4,25,9.9,25,17.45,1
2016,4,26,11.3,25.6,18.45,1
2016,4,27,13,25.4,19.2,1
2016,4,28,19.8,24.9,22.35,1
2016,4,29,16.9,20.6,18.75,1
2016,4,30,16.4,24.1,20.25,1
2016,5,1,14.4,17,15.7,0
2016,5,2,9,18.4,13.7,0
2016,5,3,12.3,20.1,16.2,1
2016,5,4,9.8,18.2,14,0
2016,5,5,12.6,20.5,16.55,1
2016,5,6,15.9,24.7,20.3,1
2016,5,7,11.4,25.7,18.55,1
2016,5,8,15.5,20.4,17.95,1
2016,5,9,15.4,22.2,18.8,1
2016,5,10,13.7,17.2,15.45,0
2016,5,11,12.2,17.4,14.8,0
2016,5,12,14.1,21.4,17.75,1
2016,5,13,15.9,21.6,18.75,1
2016,5,14,14.5,21.7,18.1,1
2016,5,15,15,22,18.5,1
2016,5,16,7.7,19.6,13.65,0
2016,5,17,11.4,17.1,14.25,0
2016,5,18,13,19.3,16.15,1
2016,5,19,14.6,18.4,16.5,1
2016,5,20,11.6,17.4,14.5,0
2016,5,21,8.1,18.5,13.3,0
2016,5,22,9.2,22.2,15.7,0
2016,5,23,12.8,17.2,15,0
2016,5,24,10.7,15.8,13.25,0
2016,5,25,7.6,15.6,11.6,0
2016,5,26,10.3,12.5,11.4,0
2016,5,27,9.2,14.4,11.8,0
2016,5,28,5.7,13.2,9.45,0
2016,5,29,8.7,13.9,11.3,0
2016,5,30,7.2,15.4,11.3,0
2016,5,31,3.6,17.4,10.5,0
2016,6,1,4.8,17,10.9,0
2016,6,2,4.8,12.8,8.8,0
2016,6,3,6.8,14.1,10.45,0
2016,6,4,9.8,13.4,11.6,0
2016,6,5,10.5,14.1,12.3,0
2016,6,6,8.9,14.5,11.7,0
2016,6,7,10.5,15.3,12.9,0
2016,6,8,9.7,14.7,12.2,0
2016,6,9,10.8,17.5,14.15,0
2016,6,10,10.4,15.8,13.1,0
2016,6,11,9,13.5,11.25,0
2016,6,12,5,13.8,9.4,0
2016,6,13,3.8,13.4,8.6,0
2016,6,14,8.6,15.6,12.1,0
2016,6,15,6,17.9,11.95,0
2016,6,16,7.8,14.3,11.05,0
2016,6,17,9.3,15.1,12.2,0
2016,6,18,10,12.7,11.35,0
2016,6,19,7.3,13.5,10.4,0
2016,6,20,9.1,13.2,11.15,0
2016,6,21,10.4,14.7,12.55,0
2016,6,22,11.2,15.4,13.3,0
2016,6,23,10.4,14.8,12.6,0
2016,6,24,6.9,10.7,8.8,0
2016,6,25,5.6,12.7,9.15,0
2016,6,26,3,11.1,7.05,0
2016,6,27,4.8,10.6,7.7,0
2016,6,28,5,17,11,0
2016,6,29,8.9,15.8,12.35,0
2016,6,30,10.3,11.7,11,0
2016,7,1,7.3,14.1,10.7,0
2016,7,2,9.9,16.5,13.2,0
2016,7,3,10.9,16.7,13.8,0
2016,7,4,10.4,12.7,11.55,0
2016,7,5,8.2,12.8,10.5,0
2016,7,6,9.8,13,11.4,0
2016,7,7,10.5,13.7,12.1,0
2016,7,8,9.7,15.3,12.5,0
2016,7,9,5.3,15.2,10.25,0
2016,7,10,6.5,14.2,10.35,0
2016,7,11,8.3,16,12.15,0
2016,7,12,10.7,13.7,12.2,0
2016,7,13,4.5,12,8.25,0
2016,7,14,6.6,14,10.3,0
2016,7,15,8.8,14.1,11.45,0
2016,7,16,7.8,13.7,10.75,0
2016,7,17,3.1,16.1,9.6,0
2016,7,18,9.6,17.7,13.65,0
2016,7,19,12.6,16,14.3,0
2016,7,20,9.8,16.1,12.95,0
2016,7,21,6.9,18.1,12.5,0
2016,7,22,9.2,18.3,13.75,0
2016,7,23,7.5,11.6,9.55,0
2016,7,24,4.7,11.4,8.05,0
2016,7,25,6.3,14.3,10.3,0
2016,7,26,6.5,11,8.75,0
2016,7,27,7.5,12.9,10.2,0
2016,7,28,6.9,15.2,11.05,0
2016,7,29,10.2,15.3,12.75,0
2016,7,30,9.1,13.8,11.45,0
2016,7,31,10.3,17,13.65,0
2016,8,1,11.2,14.4,12.8,0
2016,8,2,8.5,13.4,10.95,0
2016,8,3,8.7,12.8,10.75,0
2016,8,4,4.9,14.6,9.75,0
2016,8,5,3.4,14.6,9,0
2016,8,6,5.8,14.4,10.1,0
2016,8,7,7.6,16.6,12.1,0
2016,8,8,5,14.2,9.6,0
2016,8,9,9.7,18.9,14.3,0
2016,8,10,9.6,15.3,12.45,0
2016,8,11,6.8,15.7,11.25,0
2016,8,12,7.7,14.1,10.9,0
2016,8,13,7.9,15.1,11.5,0
2016,8,14,8.5,18.7,13.6,0
2016,8,15,10.2,18.1,14.15,0
2016,8,16,10,18.2,14.1,0
2016,8,17,12.5,15.6,14.05,0
2016,8,18,7.1,21.6,14.35,0
2016,8,19,15.3,16.4,15.85,0
2016,8,20,6.9,13.6,10.25,0
2016,8,21,9.5,14.8,12.15,0
2016,8,22,7.8,16,11.9,0
2016,8,23,7,13.4,10.2,0
2016,8,24,3.7,12.7,8.2,0
2016,8,25,6.5,13,9.75,0
2016,8,26,7.2,14.4,10.8,0
2016,8,27,9.3,16.3,12.8,0
2016,8,28,10.5,19,14.75,0
2016,8,29,8.7,20.4,14.55,0
2016,8,30,10.2,16.8,13.5,0
2016,8,31,12.8,20.2,16.5,1
2016,9,1,11.6,15.5,13.55,0
2016,9,2,9.6,15,12.3,0
2016,9,3,10,15.7,12.85,0
2016,9,4,10.1,16.9,13.5,0
2016,9,5,12.8,18.4,15.6,0
2016,9,6,9.2,21.5,15.35,0
2016,9,7,9.6,21,15.3,0
2016,9,8,13.1,23.3,18.2,1
2016,9,9,16,16.7,16.35,1
2016,9,10,11.5,14.3,12.9,0
2016,9,11,7.3,17,12.15,0
2016,9,12,9.9,13.6,11.75,0
2016,9,13,9.6,14.6,12.1,0
2016,9,14,10.5,16.1,13.3,0
2016,9,15,8.7,14.6,11.65,0
2016,9,16,9,15.7,12.35,0
2016,9,17,11.1,19.8,15.45,0
2016,9,18,10.8,12.5,11.65,0
2016,9,19,8.5,16.3,12.4,0
2016,9,20,9.1,18.8,13.95,0
2016,9,21,10.9,15.2,13.05,0
2016,9,22,9.6,13.4,11.5,0
2016,9,23,9.8,16.5,13.15,0
2016,9,24,10,20.1,15.05,0
2016,9,25,9.5,14.7,12.1,0
2016,9,26,8.1,16.9,12.5,0
2016,9,27,7.4,14.8,11.1,0
2016,9,28,7.5,19.3,13.4,0
2016,9,29,12.5,16.7,14.6,0
2016,9,30,9.3,16.4,12.85,0
2016,10,1,11.6,18.6,15.1,0
2016,10,2,12.1,24,18.05,1
2016,10,3,11.1,15.9,13.5,0
2016,10,4,10.6,17.1,13.85,0
2016,10,5,8,17.1,12.55,0
2016,10,6,9.7,27.2,18.45,1
2016,10,7,14.1,22.5,18.3,1
2016,10,8,9.7,16.9,13.3,0
2016,10,9,9.5,22,15.75,0
2016,10,10,13,16.8,14.9,0
2016,10,11,7.5,15.1,11.3,0
2016,10,12,10.2,15.4,12.8,0
2016,10,13,6.8,14.6,10.7,0
2016,10,14,5.2,22.7,13.95,0
2016,10,15,9.4,24.8,17.1,1
2016,10,16,17.4,23.1,20.25,1
2016,10,17,9.8,18.9,14.35,0
2016,10,18,9.6,16.6,13.1,0
2016,10,19,7.5,16.5,12,0
2016,10,20,6.8,21.8,14.3,0
2016,10,21,14.8,17.6,16.2,1
2016,10,22,6.9,13.2,10.05,0
2016,10,23,7.9,14.1,11,0
2016,10,24,9.4,17.1,13.25,0
2016,10,25,9.6,25.7,17.65,1
2016,10,26,16.5,18.5,17.5,1
2016,10,27,10.1,15.4,12.75,0
2016,10,28,6.3,16.6,11.45,0
2016,10,29,9.3,25.6,17.45,1
2016,10,30,12.7,28,20.35,1
2016,10,31,7.9,17.5,12.7,0
2016,11,1,9.4,18.4,13.9,0
2016,11,2,9.7,18.5,14.1,0
2016,11,3,10,19.1,14.55,0
2016,11,4,10.2,29.2,19.7,1
2016,11,5,10,16.8,13.4,0
2016,11,6,11.5,21.4,16.45,1
2016,11,7,14.6,25.9,20.25,1
2016,11,8,11,18.2,14.6,0
2016,11,9,9.2,17.4,13.3,0
2016,11,10,11.9,17.5,14.7,0
2016,11,11,8.4,23.8,16.1,1
2016,11,12,13.2,25.5,19.35,1
2016,11,13,11.7,19,15.35,0
2016,11,14,11.5,15.9,13.7,0
2016,11,15,11,19.2,15.1,0
2016,11,16,11.9,21.6,16.75,1
2016,11,17,12,31.4,21.7,1
2016,11,18,15.3,18.9,17.1,1
2016,11,19,11.7,19.4,15.55,0
2016,11,20,11.9,33.3,22.6,1
2016,11,21,17.9,35,26.45,1
2016,11,22,14.5,14.9,14.7,0
2016,11,23,11,16.8,13.9,0
2016,11,24,10.3,17,13.65,0
2016,11,25,10.9,17.9,14.4,0
2016,11,26,12.2,17.4,14.8,0
2016,11,27,11.6,16.3,13.95,0
2016,11,28,12.2,19.6,15.9,0
2016,11,29,10.4,20,15.2,0
2016,11,30,13.3,18.9,16.1,1
2016,12,1,12.9,21.9,17.4,1
2016,12,2,13,21.6,17.3,1
2016,12,3,9.9,23.9,16.9,1
2016,12,4,12.7,31.7,22.2,1
2016,12,5,16.9,21.5,19.2,1
2016,12,6,12.8,20.8,16.8,1
2016,12,7,10.5,28.3,19.4,1
2016,12,8,15.4,23.2,19.3,1
2016,12,9,10,17.3,13.65,0
2016,12,10,11.2,18.8,15,0
2016,12,11,12.9,19.3,16.1,1
2016,12,12,10.7,32.8,21.75,1
2016,12,13,16.5,36.3,26.4,1
2016,12,14,15.7,19.3,17.5,1
2016,12,15,11.7,18.6,15.15,0
2016,12,16,9.7,25.5,17.6,1
2016,12,17,15.1,20.9,18,1
2016,12,18,10,17.5,13.75,0
2016,12,19,8.8,30.2,19.5,1
2016,12,20,14.4,21.5,17.95,1
2016,12,21,13.5,19.9,16.7,1
2016,12,22,14.6,20,17.3,1
2016,12,23,12.5,26.3,19.4,1
2016,12,24,16.2,34.9,25.55,1
2016,12,25,16.4,36.3,26.35,1
2016,12,26,25.4,29.3,27.35,1
2016,12,27,18,29.8,23.9,1
2016,12,28,20.3,38.2,29.25,1
2016,12,29,27,33.5,30.25,1
2016,12,30,20.1,27.8,23.95,1
2016,12,31,17.3,23.8,20.55,1
